question,answer
I'm feeling really down today,I'm here with you through this difficult time. What's making you feel down?
Work is stressing me out completely,Work stress can be overwhelming. Let's talk about what's bothering you most.
I can't stop worrying about everything,Constant worry is exhausting. Let's work on some calming techniques together.
I feel so angry about what happened,Anger is a natural emotion. What's really making you feel this way?
I'm scared about the future,Fear about the future is understandable. Let's focus on what you can control.
I feel disgusted by this situation,I understand you're feeling repulsed. What's causing this reaction?
I'm surprised by this turn of events,Surprises can be challenging. How are you processing this unexpected change?
I feel so happy and grateful,It's wonderful to hear you're feeling positive! What's bringing you joy?
I'm excited about my new job,New opportunities are exciting! Tell me more about what you're looking forward to.
I feel confident and strong,Confidence is beautiful to see. What's helping you feel so strong?
I'm optimistic about everything,Optimism is a great mindset. What are you feeling hopeful about?
I feel peaceful and serene,Peace and serenity are precious. What's helping you feel so centered?
I'm content with my life right now,Contentment is a wonderful feeling. What aspects of your life are satisfying?
I feel motivated and energized,Motivation and energy are fantastic! What's driving you forward?
I'm proud of what I've accomplished,You should be proud! What accomplishments are you celebrating?
I feel neutral about everything,Sometimes neutral feelings are okay. How are you doing overall?
I'm not sure how I feel,It's okay to be unsure. Sometimes our feelings are complex.
I feel mixed emotions,Mixed emotions are normal. Would you like to talk through them?
I'm confused about my feelings,Confusion about feelings is common. Let's explore what you're experiencing.
I feel numb and empty,Feeling numb can be concerning. Let's talk about what might be causing this.
