timestamp,message,mood
2025-09-08 00:50:20,hello,neutral
2025-09-08 00:51:13,i am lonely,sad
2025-09-08 00:59:42,hello,neutral
2025-09-08 00:59:55,i am lonely,sad
2025-09-08 01:00:00,i am stressed,stressed
2025-09-09 09:05:52,i am stressed,stressed
2025-09-09 09:05:59,i am lonely,sad
2025-09-09 09:06:52,my gf cheated me,neutral
2025-09-09 09:07:18,i am depresseed,neutral
2025-09-09 09:07:32,can i kiss you,neutral
2025-09-09 09:08:03,how many times can i masturbate in aday,neutral
2025-09-09 09:08:33,i masturbate atleast 2 times a day is it ok??,neutral
2025-09-09 10:47:30,i am lonely,sad
2025-09-09 11:03:09,i am lonely,sad
2025-09-09 11:04:27,i am frustrated,neutral
2025-09-15 22:32:29,hi,neutral
2025-09-15 22:32:56,im lonely,sad
2025-09-15 22:33:01,hi,neutral
2025-09-15 22:33:06,bye,neutral
2025-09-15 22:33:19,not feeling well,neutral
2025-09-16 01:37:58,hi,neutral
2025-09-16 01:38:03,i am lonely,sad
2025-09-16 01:39:29,i am lonely,sad
2025-09-16 01:45:24,sleep problems,neutral
2025-09-16 01:45:26,i am stressed,stressed
2025-09-16 01:45:28,i am lonely,sad
2025-09-16 01:45:30,i am lonely,sad
2025-09-16 01:52:42,hi,neutral
2025-09-16 01:52:44,hello,neutral
2025-09-16 01:52:45,i am lonely,sad
2025-09-16 01:52:46,i am stressed,stressed
2025-09-16 01:52:48,sleep problems,neutral
2025-09-16 02:46:45,i am lonely,sad
2025-09-16 02:46:47,i am stressed,stressed
2025-09-16 02:46:48,sleep problems,neutral
2025-09-16 02:46:52,hello,neutral
2025-09-16 03:13:24,sad,ğŸ˜”
2025-09-16 03:13:34,depressed,ğŸ˜¢
2025-09-16 03:13:39,happy,ğŸ˜Š
2025-09-16 03:13:47,hi,ğŸ˜
2025-09-16 06:44:02,sad,ğŸ˜Š
2025-09-16 06:44:04,sad,ğŸ˜Š
2025-09-16 06:44:08,sad,ğŸ˜
